[{"model": "admin.logentry", "pk": 1, "fields": {"action_time": "2021-09-21T02:53:34.218Z", "user": 1, "content_type": 7, "object_id": "1", "object_repr": "AreasOCDE object (1)", "action_flag": 1, "change_message": "[{\"added\": {}}]"}}, {"model": "admin.logentry", "pk": 2, "fields": {"action_time": "2021-09-21T02:53:45.742Z", "user": 1, "content_type": 7, "object_id": "2", "object_repr": "AreasOCDE object (2)", "action_flag": 1, "change_message": "[{\"added\": {}}]"}}, {"model": "admin.logentry", "pk": 3, "fields": {"action_time": "2021-09-21T02:54:00.286Z", "user": 1, "content_type": 7, "object_id": "3", "object_repr": "AreasOCDE object (3)", "action_flag": 1, "change_message": "[{\"added\": {}}]"}}, {"model": "admin.logentry", "pk": 4, "fields": {"action_time": "2021-09-21T02:54:09.596Z", "user": 1, "content_type": 7, "object_id": "4", "object_repr": "AreasOCDE object (4)", "action_flag": 1, "change_message": "[{\"added\": {}}]"}}, {"model": "admin.logentry", "pk": 5, "fields": {"action_time": "2021-09-21T02:54:20.563Z", "user": 1, "content_type": 7, "object_id": "5", "object_repr": "AreasOCDE object (5)", "action_flag": 1, "change_message": "[{\"added\": {}}]"}}, {"model": "admin.logentry", "pk": 6, "fields": {"action_time": "2021-09-21T02:54:28.957Z", "user": 1, "content_type": 7, "object_id": "6", "object_repr": "AreasOCDE object (6)", "action_flag": 1, "change_message": "[{\"added\": {}}]"}}, {"model": "admin.logentry", "pk": 7, "fields": {"action_time": "2021-09-21T02:54:38.810Z", "user": 1, "content_type": 7, "object_id": "7", "object_repr": "AreasOCDE object (7)", "action_flag": 1, "change_message": "[{\"added\": {}}]"}}, {"model": "admin.logentry", "pk": 8, "fields": {"action_time": "2021-09-21T05:11:08.100Z", "user": 1, "content_type": 8, "object_id": "1", "object_repr": "DAAD", "action_flag": 1, "change_message": "[{\"added\": {}}]"}}, {"model": "admin.logentry", "pk": 9, "fields": {"action_time": "2021-09-21T05:12:10.816Z", "user": 1, "content_type": 8, "object_id": "1", "object_repr": "DAAD", "action_flag": 2, "change_message": "[{\"changed\": {\"fields\": [\"PaginaWeb\"]}}]"}}, {"model": "admin.logentry", "pk": 10, "fields": {"action_time": "2021-09-21T05:12:45.093Z", "user": 1, "content_type": 9, "object_id": "1", "object_repr": "Enseñanza", "action_flag": 1, "change_message": "[{\"added\": {}}]"}}, {"model": "admin.logentry", "pk": 11, "fields": {"action_time": "2021-09-21T05:17:47.185Z", "user": 1, "content_type": 10, "object_id": "1", "object_repr": "Programa de becas completas EPOS", "action_flag": 1, "change_message": "[{\"added\": {}}, {\"added\": {\"name\": \"caracterizacion\", \"object\": \"Caracterizacion object (1)\"}}]"}}, {"model": "admin.logentry", "pk": 12, "fields": {"action_time": "2021-09-21T05:40:26.333Z", "user": 1, "content_type": 10, "object_id": "1", "object_repr": "Programa de becas completas EPOS", "action_flag": 2, "change_message": "[]"}}, {"model": "admin.logentry", "pk": 13, "fields": {"action_time": "2021-09-21T05:53:49.918Z", "user": 1, "content_type": 10, "object_id": "1", "object_repr": "Programa de becas completas EPOS", "action_flag": 2, "change_message": "[{\"changed\": {\"fields\": [\"\\u00c1reas OCDE\"]}}]"}}, {"model": "admin.logentry", "pk": 14, "fields": {"action_time": "2021-09-21T06:06:09.912Z", "user": 1, "content_type": 9, "object_id": "1", "object_repr": "Enseñanza", "action_flag": 2, "change_message": "[{\"changed\": {\"fields\": [\"IconoTematico\", \"ColorIcono\"]}}]"}}, {"model": "admin.logentry", "pk": 15, "fields": {"action_time": "2021-09-21T06:10:24.166Z", "user": 1, "content_type": 9, "object_id": "1", "object_repr": "Enseñanza", "action_flag": 2, "change_message": "[{\"changed\": {\"fields\": [\"IconoTematico\"]}}]"}}, {"model": "admin.logentry", "pk": 16, "fields": {"action_time": "2021-09-21T15:23:19.333Z", "user": 1, "content_type": 15, "object_id": "1", "object_repr": "Investigación", "action_flag": 1, "change_message": "[{\"added\": {}}]"}}, {"model": "admin.logentry", "pk": 17, "fields": {"action_time": "2021-09-21T15:23:26.315Z", "user": 1, "content_type": 15, "object_id": "2", "object_repr": "Emprendimiento", "action_flag": 1, "change_message": "[{\"added\": {}}]"}}, {"model": "admin.logentry", "pk": 18, "fields": {"action_time": "2021-09-21T15:23:38.945Z", "user": 1, "content_type": 15, "object_id": "3", "object_repr": "Prototipado", "action_flag": 1, "change_message": "[{\"added\": {}}]"}}, {"model": "admin.logentry", "pk": 19, "fields": {"action_time": "2021-09-21T15:23:49.364Z", "user": 1, "content_type": 15, "object_id": "4", "object_repr": "Extensión Solidaria", "action_flag": 1, "change_message": "[{\"added\": {}}]"}}, {"model": "admin.logentry", "pk": 20, "fields": {"action_time": "2021-09-21T15:23:57.728Z", "user": 1, "content_type": 15, "object_id": "5", "object_repr": "Divulgación de Resultados", "action_flag": 1, "change_message": "[{\"added\": {}}]"}}, {"model": "admin.logentry", "pk": 21, "fields": {"action_time": "2021-09-21T15:24:11.528Z", "user": 1, "content_type": 15, "object_id": "6", "object_repr": "Creación Artística", "action_flag": 1, "change_message": "[{\"added\": {}}]"}}, {"model": "admin.logentry", "pk": 22, "fields": {"action_time": "2021-09-21T15:24:40.066Z", "user": 1, "content_type": 15, "object_id": "7", "object_repr": "Proyección Social o Proyectos con Impacto Social", "action_flag": 1, "change_message": "[{\"added\": {}}]"}}, {"model": "admin.logentry", "pk": 23, "fields": {"action_time": "2021-09-21T15:24:44.807Z", "user": 1, "content_type": 15, "object_id": "8", "object_repr": "Innovación", "action_flag": 1, "change_message": "[{\"added\": {}}]"}}, {"model": "admin.logentry", "pk": 24, "fields": {"action_time": "2021-09-21T15:24:51.509Z", "user": 1, "content_type": 15, "object_id": "9", "object_repr": "Laboratorios", "action_flag": 1, "change_message": "[{\"added\": {}}]"}}, {"model": "admin.logentry", "pk": 25, "fields": {"action_time": "2021-09-21T15:25:01.562Z", "user": 1, "content_type": 15, "object_id": "10", "object_repr": "Regalías", "action_flag": 1, "change_message": "[{\"added\": {}}]"}}, {"model": "admin.logentry", "pk": 26, "fields": {"action_time": "2021-09-21T15:25:06.980Z", "user": 1, "content_type": 15, "object_id": "11", "object_repr": "Premio", "action_flag": 1, "change_message": "[{\"added\": {}}]"}}, {"model": "admin.logentry", "pk": 27, "fields": {"action_time": "2021-09-21T15:25:19.113Z", "user": 1, "content_type": 15, "object_id": "12", "object_repr": "Movilidad/Estancia/Intercambio", "action_flag": 1, "change_message": "[{\"added\": {}}]"}}, {"model": "admin.logentry", "pk": 28, "fields": {"action_time": "2021-09-21T15:25:33.930Z", "user": 1, "content_type": 15, "object_id": "13", "object_repr": "Fortalecimiento Infraestructura Investigación", "action_flag": 1, "change_message": "[{\"added\": {}}]"}}, {"model": "admin.logentry", "pk": 29, "fields": {"action_time": "2021-09-21T15:25:43.434Z", "user": 1, "content_type": 15, "object_id": "14", "object_repr": "Consultoría Asesoría", "action_flag": 1, "change_message": "[{\"added\": {}}]"}}, {"model": "admin.logentry", "pk": 30, "fields": {"action_time": "2021-09-21T15:25:49.563Z", "user": 1, "content_type": 15, "object_id": "15", "object_repr": "Conceptos", "action_flag": 1, "change_message": "[{\"added\": {}}]"}}, {"model": "admin.logentry", "pk": 31, "fields": {"action_time": "2021-09-21T15:25:55.104Z", "user": 1, "content_type": 15, "object_id": "16", "object_repr": "Interventoría", "action_flag": 1, "change_message": "[{\"added\": {}}]"}}, {"model": "admin.logentry", "pk": 32, "fields": {"action_time": "2021-09-21T15:26:05.278Z", "user": 1, "content_type": 15, "object_id": "17", "object_repr": "Educación Continúa y Permanente", "action_flag": 1, "change_message": "[{\"added\": {}}]"}}, {"model": "admin.logentry", "pk": 33, "fields": {"action_time": "2021-09-21T15:26:17.367Z", "user": 1, "content_type": 15, "object_id": "18", "object_repr": "Servicios de Educación", "action_flag": 1, "change_message": "[{\"added\": {}}]"}}, {"model": "admin.logentry", "pk": 34, "fields": {"action_time": "2021-09-21T15:26:34.263Z", "user": 1, "content_type": 15, "object_id": "19", "object_repr": "Proyectos de Innovación y Gestión Tecnológica", "action_flag": 1, "change_message": "[{\"added\": {}}]"}}, {"model": "admin.logentry", "pk": 35, "fields": {"action_time": "2021-09-21T15:27:30.970Z", "user": 1, "content_type": 10, "object_id": "1", "object_repr": "Programa de becas completas EPOS", "action_flag": 2, "change_message": "[{\"changed\": {\"fields\": [\"Componentes Convocatoria\"]}}]"}}, {"model": "admin.logentry", "pk": 36, "fields": {"action_time": "2021-09-21T15:34:35.967Z", "user": 1, "content_type": 16, "object_id": "1", "object_repr": "Grupo Investigación", "action_flag": 1, "change_message": "[{\"added\": {}}]"}}, {"model": "admin.logentry", "pk": 37, "fields": {"action_time": "2021-09-21T15:34:42.615Z", "user": 1, "content_type": 16, "object_id": "2", "object_repr": "Categoría", "action_flag": 1, "change_message": "[{\"added\": {}}]"}}, {"model": "admin.logentry", "pk": 38, "fields": {"action_time": "2021-09-21T15:34:50.588Z", "user": 1, "content_type": 16, "object_id": "3", "object_repr": "Estudiante Doctorado", "action_flag": 1, "change_message": "[{\"added\": {}}]"}}, {"model": "admin.logentry", "pk": 39, "fields": {"action_time": "2021-09-21T15:34:58.022Z", "user": 1, "content_type": 16, "object_id": "4", "object_repr": "Investigador Senior", "action_flag": 1, "change_message": "[{\"added\": {}}]"}}, {"model": "admin.logentry", "pk": 40, "fields": {"action_time": "2021-09-21T15:35:04.479Z", "user": 1, "content_type": 16, "object_id": "5", "object_repr": "Alianzas", "action_flag": 1, "change_message": "[{\"added\": {}}]"}}, {"model": "admin.logentry", "pk": 41, "fields": {"action_time": "2021-09-21T15:35:23.582Z", "user": 1, "content_type": 10, "object_id": "1", "object_repr": "Programa de becas completas EPOS", "action_flag": 2, "change_message": "[{\"changed\": {\"fields\": [\"Elegibilidad Convocatoria\"]}}]"}}, {"model": "admin.logentry", "pk": 42, "fields": {"action_time": "2021-09-21T15:56:14.716Z", "user": 1, "content_type": 16, "object_id": "2", "object_repr": "Categoría", "action_flag": 3, "change_message": ""}}, {"model": "admin.logentry", "pk": 43, "fields": {"action_time": "2021-09-21T16:46:21.253Z", "user": 1, "content_type": 10, "object_id": "1", "object_repr": "Programa de becas completas EPOS", "action_flag": 2, "change_message": "[{\"changed\": {\"fields\": [\"Elegibilidad Convocatoria\"]}}]"}}, {"model": "admin.logentry", "pk": 44, "fields": {"action_time": "2021-09-21T16:47:21.194Z", "user": 1, "content_type": 16, "object_id": "1", "object_repr": "Grupos de Investigación", "action_flag": 2, "change_message": "[{\"changed\": {\"fields\": [\"\\u00c1rea\"]}}]"}}, {"model": "admin.logentry", "pk": 45, "fields": {"action_time": "2021-09-21T16:47:30.859Z", "user": 1, "content_type": 16, "object_id": "5", "object_repr": "Alianzas Estratégicas", "action_flag": 2, "change_message": "[{\"changed\": {\"fields\": [\"\\u00c1rea\"]}}]"}}, {"model": "admin.logentry", "pk": 46, "fields": {"action_time": "2021-09-21T16:47:41.402Z", "user": 1, "content_type": 16, "object_id": "3", "object_repr": "Estudiantes Doctorado", "action_flag": 2, "change_message": "[{\"changed\": {\"fields\": [\"\\u00c1rea\"]}}]"}}, {"model": "admin.logentry", "pk": 47, "fields": {"action_time": "2021-09-21T16:47:49.749Z", "user": 1, "content_type": 16, "object_id": "4", "object_repr": "Investigadores Senior", "action_flag": 2, "change_message": "[{\"changed\": {\"fields\": [\"\\u00c1rea\"]}}]"}}, {"model": "admin.logentry", "pk": 48, "fields": {"action_time": "2021-09-21T16:58:10.499Z", "user": 1, "content_type": 10, "object_id": "1", "object_repr": "Programa de becas completas EPOS", "action_flag": 2, "change_message": "[]"}}, {"model": "admin.logentry", "pk": 49, "fields": {"action_time": "2021-09-21T17:03:14.965Z", "user": 1, "content_type": 10, "object_id": "1", "object_repr": "Programa de becas completas EPOS", "action_flag": 2, "change_message": "[{\"changed\": {\"fields\": [\"ImageRedes\"]}}]"}}, {"model": "admin.logentry", "pk": 50, "fields": {"action_time": "2021-09-21T17:11:01.516Z", "user": 1, "content_type": 9, "object_id": "2", "object_repr": "Universidad", "action_flag": 1, "change_message": "[{\"added\": {}}]"}}, {"model": "admin.logentry", "pk": 51, "fields": {"action_time": "2021-09-21T17:12:25.729Z", "user": 1, "content_type": 9, "object_id": "3", "object_repr": "Industria", "action_flag": 1, "change_message": "[{\"added\": {}}]"}}, {"model": "admin.logentry", "pk": 52, "fields": {"action_time": "2021-09-21T17:13:29.757Z", "user": 1, "content_type": 9, "object_id": "4", "object_repr": "Historia", "action_flag": 1, "change_message": "[{\"added\": {}}]"}}, {"model": "admin.logentry", "pk": 53, "fields": {"action_time": "2021-09-21T17:14:34.556Z", "user": 1, "content_type": 9, "object_id": "5", "object_repr": "Economía", "action_flag": 1, "change_message": "[{\"added\": {}}]"}}, {"model": "admin.logentry", "pk": 54, "fields": {"action_time": "2021-09-21T17:15:28.001Z", "user": 1, "content_type": 9, "object_id": "6", "object_repr": "Urbanismo", "action_flag": 1, "change_message": "[{\"added\": {}}]"}}, {"model": "admin.logentry", "pk": 55, "fields": {"action_time": "2021-09-21T17:16:19.987Z", "user": 1, "content_type": 9, "object_id": "7", "object_repr": "Comunicación", "action_flag": 1, "change_message": "[{\"added\": {}}]"}}, {"model": "admin.logentry", "pk": 56, "fields": {"action_time": "2021-09-21T17:17:03.865Z", "user": 1, "content_type": 9, "object_id": "8", "object_repr": "Ingeniería", "action_flag": 1, "change_message": "[{\"added\": {}}]"}}, {"model": "admin.logentry", "pk": 57, "fields": {"action_time": "2021-09-21T17:18:31.293Z", "user": 1, "content_type": 8, "object_id": "2", "object_repr": "Campus France", "action_flag": 1, "change_message": "[{\"added\": {}}]"}}, {"model": "admin.logentry", "pk": 58, "fields": {"action_time": "2021-09-21T17:19:34.804Z", "user": 1, "content_type": 8, "object_id": "3", "object_repr": "Agência Brasileira de Cooperação", "action_flag": 1, "change_message": "[{\"added\": {}}]"}}, {"model": "admin.logentry", "pk": 59, "fields": {"action_time": "2021-09-21T17:21:56.228Z", "user": 1, "content_type": 8, "object_id": "4", "object_repr": "UNESCO", "action_flag": 1, "change_message": "[{\"added\": {}}]"}}, {"model": "admin.logentry", "pk": 60, "fields": {"action_time": "2021-09-21T17:24:41.459Z", "user": 1, "content_type": 8, "object_id": "5", "object_repr": "ONU", "action_flag": 1, "change_message": "[{\"added\": {}}]"}}, {"model": "admin.logentry", "pk": 61, "fields": {"action_time": "2021-09-21T17:25:29.267Z", "user": 1, "content_type": 8, "object_id": "6", "object_repr": "Fulbright", "action_flag": 1, "change_message": "[{\"added\": {}}]"}}, {"model": "admin.logentry", "pk": 62, "fields": {"action_time": "2021-09-21T17:28:14.856Z", "user": 1, "content_type": 8, "object_id": "7", "object_repr": "MinCiencias", "action_flag": 1, "change_message": "[{\"added\": {}}]"}}, {"model": "admin.logentry", "pk": 63, "fields": {"action_time": "2021-09-21T17:32:05.510Z", "user": 1, "content_type": 10, "object_id": "2", "object_repr": "Proyectos Empresas Innovadoras Beneficios Tributarios", "action_flag": 1, "change_message": "[{\"added\": {}}]"}}, {"model": "admin.logentry", "pk": 64, "fields": {"action_time": "2021-09-21T17:37:12.911Z", "user": 1, "content_type": 10, "object_id": "3", "object_repr": "El programa de becas de excelencia Eiffel", "action_flag": 1, "change_message": "[{\"added\": {}}]"}}, {"model": "admin.logentry", "pk": 65, "fields": {"action_time": "2021-09-21T17:37:29.889Z", "user": 1, "content_type": 10, "object_id": "3", "object_repr": "El programa de becas de excelencia Eiffel", "action_flag": 2, "change_message": "[{\"changed\": {\"fields\": [\"EstadoConvocatoria\"]}}]"}}, {"model": "admin.logentry", "pk": 66, "fields": {"action_time": "2021-09-21T17:40:24.229Z", "user": 1, "content_type": 10, "object_id": "3", "object_repr": "El programa de becas de excelencia Eiffel", "action_flag": 2, "change_message": "[{\"changed\": {\"fields\": [\"ImageRedes\"]}}]"}}, {"model": "admin.logentry", "pk": 67, "fields": {"action_time": "2021-09-21T17:43:11.257Z", "user": 1, "content_type": 10, "object_id": "4", "object_repr": "Make Our Planet Great Again", "action_flag": 1, "change_message": "[{\"added\": {}}]"}}, {"model": "admin.logentry", "pk": 68, "fields": {"action_time": "2021-09-21T17:44:39.547Z", "user": 1, "content_type": 10, "object_id": "4", "object_repr": "Make Our Planet Great Again", "action_flag": 2, "change_message": "[{\"changed\": {\"fields\": [\"ImageRedes\"]}}]"}}, {"model": "admin.logentry", "pk": 69, "fields": {"action_time": "2021-09-21T17:48:17.177Z", "user": 1, "content_type": 9, "object_id": "6", "object_repr": "Urbanismo", "action_flag": 2, "change_message": "[{\"changed\": {\"fields\": [\"IconoTematico\"]}}]"}}, {"model": "admin.logentry", "pk": 70, "fields": {"action_time": "2021-09-21T17:48:55.098Z", "user": 1, "content_type": 9, "object_id": "6", "object_repr": "Urbanismo", "action_flag": 2, "change_message": "[{\"changed\": {\"fields\": [\"IconoTematico\"]}}]"}}, {"model": "admin.logentry", "pk": 71, "fields": {"action_time": "2021-09-21T17:49:19.193Z", "user": 1, "content_type": 10, "object_id": "4", "object_repr": "Make Our Planet Great Again", "action_flag": 2, "change_message": "[{\"changed\": {\"fields\": [\"\\u00cdcono Tem\\u00e1tico\"]}}]"}}, {"model": "admin.logentry", "pk": 72, "fields": {"action_time": "2021-09-21T17:49:54.212Z", "user": 1, "content_type": 10, "object_id": "4", "object_repr": "Make Our Planet Great Again", "action_flag": 2, "change_message": "[{\"changed\": {\"fields\": [\"\\u00cdcono Tem\\u00e1tico\"]}}]"}}, {"model": "admin.logentry", "pk": 73, "fields": {"action_time": "2021-09-21T17:52:38.329Z", "user": 1, "content_type": 10, "object_id": "4", "object_repr": "Make Our Planet Great Again", "action_flag": 2, "change_message": "[{\"changed\": {\"fields\": [\"\\u00cdcono Tem\\u00e1tico\"]}}]"}}, {"model": "admin.logentry", "pk": 74, "fields": {"action_time": "2021-09-21T17:53:51.030Z", "user": 1, "content_type": 9, "object_id": "8", "object_repr": "Ingeniería", "action_flag": 2, "change_message": "[{\"changed\": {\"fields\": [\"IconoTematico\"]}}]"}}, {"model": "admin.logentry", "pk": 75, "fields": {"action_time": "2021-09-21T17:54:12.153Z", "user": 1, "content_type": 10, "object_id": "4", "object_repr": "Make Our Planet Great Again", "action_flag": 2, "change_message": "[{\"changed\": {\"fields\": [\"\\u00cdcono Tem\\u00e1tico\"]}}]"}}, {"model": "admin.logentry", "pk": 76, "fields": {"action_time": "2021-09-21T17:54:22.344Z", "user": 1, "content_type": 10, "object_id": "4", "object_repr": "Make Our Planet Great Again", "action_flag": 2, "change_message": "[{\"changed\": {\"fields\": [\"\\u00cdcono Tem\\u00e1tico\"]}}]"}}, {"model": "admin.logentry", "pk": 77, "fields": {"action_time": "2021-09-21T17:54:32.639Z", "user": 1, "content_type": 10, "object_id": "4", "object_repr": "Make Our Planet Great Again", "action_flag": 2, "change_message": "[{\"changed\": {\"fields\": [\"\\u00cdcono Tem\\u00e1tico\"]}}]"}}, {"model": "admin.logentry", "pk": 78, "fields": {"action_time": "2021-09-21T17:54:41.822Z", "user": 1, "content_type": 10, "object_id": "4", "object_repr": "Make Our Planet Great Again", "action_flag": 2, "change_message": "[{\"changed\": {\"fields\": [\"\\u00cdcono Tem\\u00e1tico\"]}}]"}}, {"model": "admin.logentry", "pk": 79, "fields": {"action_time": "2021-09-21T17:55:51.703Z", "user": 1, "content_type": 9, "object_id": "4", "object_repr": "Historia", "action_flag": 2, "change_message": "[{\"changed\": {\"fields\": [\"IconoTematico\"]}}]"}}, {"model": "admin.logentry", "pk": 80, "fields": {"action_time": "2021-09-21T17:56:18.397Z", "user": 1, "content_type": 10, "object_id": "4", "object_repr": "Make Our Planet Great Again", "action_flag": 2, "change_message": "[{\"changed\": {\"fields\": [\"\\u00cdcono Tem\\u00e1tico\"]}}]"}}, {"model": "admin.logentry", "pk": 81, "fields": {"action_time": "2021-09-21T17:56:30.668Z", "user": 1, "content_type": 10, "object_id": "4", "object_repr": "Make Our Planet Great Again", "action_flag": 2, "change_message": "[{\"changed\": {\"fields\": [\"\\u00cdcono Tem\\u00e1tico\"]}}]"}}, {"model": "admin.logentry", "pk": 82, "fields": {"action_time": "2021-09-21T17:56:47.837Z", "user": 1, "content_type": 9, "object_id": "6", "object_repr": "Urbanismo", "action_flag": 2, "change_message": "[{\"changed\": {\"fields\": [\"IconoTematico\"]}}]"}}, {"model": "admin.logentry", "pk": 83, "fields": {"action_time": "2021-09-21T17:57:29.706Z", "user": 1, "content_type": 9, "object_id": "6", "object_repr": "Urbanismo", "action_flag": 2, "change_message": "[{\"changed\": {\"fields\": [\"IconoTematico\"]}}]"}}, {"model": "admin.logentry", "pk": 84, "fields": {"action_time": "2021-09-21T17:57:51.950Z", "user": 1, "content_type": 10, "object_id": "4", "object_repr": "Make Our Planet Great Again", "action_flag": 2, "change_message": "[{\"changed\": {\"fields\": [\"\\u00cdcono Tem\\u00e1tico\"]}}]"}}, {"model": "admin.logentry", "pk": 85, "fields": {"action_time": "2021-09-21T17:59:07.745Z", "user": 1, "content_type": 10, "object_id": "4", "object_repr": "Make Our Planet Great Again", "action_flag": 2, "change_message": "[{\"changed\": {\"fields\": [\"ImageRedes\"]}}]"}}, {"model": "admin.logentry", "pk": 86, "fields": {"action_time": "2021-09-21T18:04:18.829Z", "user": 1, "content_type": 10, "object_id": "5", "object_repr": "Intercâmbio de conhecimentos implementação de tecnologias limpas", "action_flag": 1, "change_message": "[{\"added\": {}}]"}}, {"model": "admin.logentry", "pk": 87, "fields": {"action_time": "2021-09-21T18:04:52.775Z", "user": 1, "content_type": 10, "object_id": "5", "object_repr": "Intercâmbio de conhecimentos implementação de tecnologias limpas", "action_flag": 2, "change_message": "[{\"changed\": {\"fields\": [\"\\u00cdcono Tem\\u00e1tico\"]}}]"}}, {"model": "admin.logentry", "pk": 88, "fields": {"action_time": "2021-09-21T18:05:10.496Z", "user": 1, "content_type": 10, "object_id": "5", "object_repr": "Intercâmbio de conhecimentos implementação de tecnologias limpas", "action_flag": 2, "change_message": "[{\"changed\": {\"fields\": [\"\\u00cdcono Tem\\u00e1tico\"]}}]"}}, {"model": "admin.logentry", "pk": 89, "fields": {"action_time": "2021-09-21T18:08:24.841Z", "user": 1, "content_type": 10, "object_id": "6", "object_repr": "Becas Fulbright para Posgrado en Estados Unidos de América", "action_flag": 1, "change_message": "[{\"added\": {}}]"}}, {"model": "admin.logentry", "pk": 90, "fields": {"action_time": "2021-09-21T18:13:11.314Z", "user": 1, "content_type": 10, "object_id": "7", "object_repr": "Convocatoria de candidaturas para establecer un Grupo de Trabajo para el Decenio de las Lenguas Indígenas", "action_flag": 1, "change_message": "[{\"added\": {}}]"}}, {"model": "auth.permission", "pk": 1, "fields": {"name": "Can add log entry", "content_type": 1, "codename": "add_logentry"}}, {"model": "auth.permission", "pk": 2, "fields": {"name": "Can change log entry", "content_type": 1, "codename": "change_logentry"}}, {"model": "auth.permission", "pk": 3, "fields": {"name": "Can delete log entry", "content_type": 1, "codename": "delete_logentry"}}, {"model": "auth.permission", "pk": 4, "fields": {"name": "Can view log entry", "content_type": 1, "codename": "view_logentry"}}, {"model": "auth.permission", "pk": 5, "fields": {"name": "Can add permission", "content_type": 2, "codename": "add_permission"}}, {"model": "auth.permission", "pk": 6, "fields": {"name": "Can change permission", "content_type": 2, "codename": "change_permission"}}, {"model": "auth.permission", "pk": 7, "fields": {"name": "Can delete permission", "content_type": 2, "codename": "delete_permission"}}, {"model": "auth.permission", "pk": 8, "fields": {"name": "Can view permission", "content_type": 2, "codename": "view_permission"}}, {"model": "auth.permission", "pk": 9, "fields": {"name": "Can add group", "content_type": 3, "codename": "add_group"}}, {"model": "auth.permission", "pk": 10, "fields": {"name": "Can change group", "content_type": 3, "codename": "change_group"}}, {"model": "auth.permission", "pk": 11, "fields": {"name": "Can delete group", "content_type": 3, "codename": "delete_group"}}, {"model": "auth.permission", "pk": 12, "fields": {"name": "Can view group", "content_type": 3, "codename": "view_group"}}, {"model": "auth.permission", "pk": 13, "fields": {"name": "Can add user", "content_type": 4, "codename": "add_user"}}, {"model": "auth.permission", "pk": 14, "fields": {"name": "Can change user", "content_type": 4, "codename": "change_user"}}, {"model": "auth.permission", "pk": 15, "fields": {"name": "Can delete user", "content_type": 4, "codename": "delete_user"}}, {"model": "auth.permission", "pk": 16, "fields": {"name": "Can view user", "content_type": 4, "codename": "view_user"}}, {"model": "auth.permission", "pk": 17, "fields": {"name": "Can add content type", "content_type": 5, "codename": "add_contenttype"}}, {"model": "auth.permission", "pk": 18, "fields": {"name": "Can change content type", "content_type": 5, "codename": "change_contenttype"}}, {"model": "auth.permission", "pk": 19, "fields": {"name": "Can delete content type", "content_type": 5, "codename": "delete_contenttype"}}, {"model": "auth.permission", "pk": 20, "fields": {"name": "Can view content type", "content_type": 5, "codename": "view_contenttype"}}, {"model": "auth.permission", "pk": 21, "fields": {"name": "Can add session", "content_type": 6, "codename": "add_session"}}, {"model": "auth.permission", "pk": 22, "fields": {"name": "Can change session", "content_type": 6, "codename": "change_session"}}, {"model": "auth.permission", "pk": 23, "fields": {"name": "Can delete session", "content_type": 6, "codename": "delete_session"}}, {"model": "auth.permission", "pk": 24, "fields": {"name": "Can view session", "content_type": 6, "codename": "view_session"}}, {"model": "auth.permission", "pk": 25, "fields": {"name": "Can add areas ocde", "content_type": 7, "codename": "add_areasocde"}}, {"model": "auth.permission", "pk": 26, "fields": {"name": "Can change areas ocde", "content_type": 7, "codename": "change_areasocde"}}, {"model": "auth.permission", "pk": 27, "fields": {"name": "Can delete areas ocde", "content_type": 7, "codename": "delete_areasocde"}}, {"model": "auth.permission", "pk": 28, "fields": {"name": "Can view areas ocde", "content_type": 7, "codename": "view_areasocde"}}, {"model": "auth.permission", "pk": 29, "fields": {"name": "Can add entidad", "content_type": 8, "codename": "add_entidad"}}, {"model": "auth.permission", "pk": 30, "fields": {"name": "Can change entidad", "content_type": 8, "codename": "change_entidad"}}, {"model": "auth.permission", "pk": 31, "fields": {"name": "Can delete entidad", "content_type": 8, "codename": "delete_entidad"}}, {"model": "auth.permission", "pk": 32, "fields": {"name": "Can view entidad", "content_type": 8, "codename": "view_entidad"}}, {"model": "auth.permission", "pk": 33, "fields": {"name": "Can add icono", "content_type": 9, "codename": "add_icono"}}, {"model": "auth.permission", "pk": 34, "fields": {"name": "Can change icono", "content_type": 9, "codename": "change_icono"}}, {"model": "auth.permission", "pk": 35, "fields": {"name": "Can delete icono", "content_type": 9, "codename": "delete_icono"}}, {"model": "auth.permission", "pk": 36, "fields": {"name": "Can view icono", "content_type": 9, "codename": "view_icono"}}, {"model": "auth.permission", "pk": 37, "fields": {"name": "Can add convocatoria", "content_type": 10, "codename": "add_convocatoria"}}, {"model": "auth.permission", "pk": 38, "fields": {"name": "Can change convocatoria", "content_type": 10, "codename": "change_convocatoria"}}, {"model": "auth.permission", "pk": 39, "fields": {"name": "Can delete convocatoria", "content_type": 10, "codename": "delete_convocatoria"}}, {"model": "auth.permission", "pk": 40, "fields": {"name": "Can view convocatoria", "content_type": 10, "codename": "view_convocatoria"}}, {"model": "auth.permission", "pk": 41, "fields": {"name": "Can add contacto", "content_type": 11, "codename": "add_contacto"}}, {"model": "auth.permission", "pk": 42, "fields": {"name": "Can change contacto", "content_type": 11, "codename": "change_contacto"}}, {"model": "auth.permission", "pk": 43, "fields": {"name": "Can delete contacto", "content_type": 11, "codename": "delete_contacto"}}, {"model": "auth.permission", "pk": 44, "fields": {"name": "Can view contacto", "content_type": 11, "codename": "view_contacto"}}, {"model": "auth.permission", "pk": 45, "fields": {"name": "Can add caracterizacion", "content_type": 12, "codename": "add_caracterizacion"}}, {"model": "auth.permission", "pk": 46, "fields": {"name": "Can change caracterizacion", "content_type": 12, "codename": "change_caracterizacion"}}, {"model": "auth.permission", "pk": 47, "fields": {"name": "Can delete caracterizacion", "content_type": 12, "codename": "delete_caracterizacion"}}, {"model": "auth.permission", "pk": 48, "fields": {"name": "Can view caracterizacion", "content_type": 12, "codename": "view_caracterizacion"}}, {"model": "auth.permission", "pk": 49, "fields": {"name": "Can add tag", "content_type": 13, "codename": "add_tag"}}, {"model": "auth.permission", "pk": 50, "fields": {"name": "Can change tag", "content_type": 13, "codename": "change_tag"}}, {"model": "auth.permission", "pk": 51, "fields": {"name": "Can delete tag", "content_type": 13, "codename": "delete_tag"}}, {"model": "auth.permission", "pk": 52, "fields": {"name": "Can view tag", "content_type": 13, "codename": "view_tag"}}, {"model": "auth.permission", "pk": 53, "fields": {"name": "Can add tagged item", "content_type": 14, "codename": "add_taggeditem"}}, {"model": "auth.permission", "pk": 54, "fields": {"name": "Can change tagged item", "content_type": 14, "codename": "change_taggeditem"}}, {"model": "auth.permission", "pk": 55, "fields": {"name": "Can delete tagged item", "content_type": 14, "codename": "delete_taggeditem"}}, {"model": "auth.permission", "pk": 56, "fields": {"name": "Can view tagged item", "content_type": 14, "codename": "view_taggeditem"}}, {"model": "auth.permission", "pk": 57, "fields": {"name": "Can add componente", "content_type": 15, "codename": "add_componente"}}, {"model": "auth.permission", "pk": 58, "fields": {"name": "Can change componente", "content_type": 15, "codename": "change_componente"}}, {"model": "auth.permission", "pk": 59, "fields": {"name": "Can delete componente", "content_type": 15, "codename": "delete_componente"}}, {"model": "auth.permission", "pk": 60, "fields": {"name": "Can view componente", "content_type": 15, "codename": "view_componente"}}, {"model": "auth.permission", "pk": 61, "fields": {"name": "Can add elegibilidad", "content_type": 16, "codename": "add_elegibilidad"}}, {"model": "auth.permission", "pk": 62, "fields": {"name": "Can change elegibilidad", "content_type": 16, "codename": "change_elegibilidad"}}, {"model": "auth.permission", "pk": 63, "fields": {"name": "Can delete elegibilidad", "content_type": 16, "codename": "delete_elegibilidad"}}, {"model": "auth.permission", "pk": 64, "fields": {"name": "Can view elegibilidad", "content_type": 16, "codename": "view_elegibilidad"}}, {"model": "auth.user", "pk": 1, "fields": {"password": "pbkdf2_sha256$260000$ItUuVMOaBMOh3TPbUArO5y$8buKbUizOPsUE727sWZ7tMSHwHSAHgnTTLmZqtc87nU=", "last_login": "2021-09-21T15:06:13.134Z", "is_superuser": true, "username": "admin", "first_name": "", "last_name": "", "email": "dtorot@opensai.org", "is_staff": true, "is_active": true, "date_joined": "2021-09-21T02:52:26.346Z", "groups": [], "user_permissions": []}}, {"model": "contenttypes.contenttype", "pk": 1, "fields": {"app_label": "admin", "model": "logentry"}}, {"model": "contenttypes.contenttype", "pk": 2, "fields": {"app_label": "auth", "model": "permission"}}, {"model": "contenttypes.contenttype", "pk": 3, "fields": {"app_label": "auth", "model": "group"}}, {"model": "contenttypes.contenttype", "pk": 4, "fields": {"app_label": "auth", "model": "user"}}, {"model": "contenttypes.contenttype", "pk": 5, "fields": {"app_label": "contenttypes", "model": "contenttype"}}, {"model": "contenttypes.contenttype", "pk": 6, "fields": {"app_label": "sessions", "model": "session"}}, {"model": "contenttypes.contenttype", "pk": 7, "fields": {"app_label": "convocatorias", "model": "areasocde"}}, {"model": "contenttypes.contenttype", "pk": 8, "fields": {"app_label": "convocatorias", "model": "entidad"}}, {"model": "contenttypes.contenttype", "pk": 9, "fields": {"app_label": "convocatorias", "model": "icono"}}, {"model": "contenttypes.contenttype", "pk": 10, "fields": {"app_label": "convocatorias", "model": "convocatoria"}}, {"model": "contenttypes.contenttype", "pk": 11, "fields": {"app_label": "convocatorias", "model": "contacto"}}, {"model": "contenttypes.contenttype", "pk": 12, "fields": {"app_label": "convocatorias", "model": "caracterizacion"}}, {"model": "contenttypes.contenttype", "pk": 13, "fields": {"app_label": "taggit", "model": "tag"}}, {"model": "contenttypes.contenttype", "pk": 14, "fields": {"app_label": "taggit", "model": "taggeditem"}}, {"model": "contenttypes.contenttype", "pk": 15, "fields": {"app_label": "convocatorias", "model": "componente"}}, {"model": "contenttypes.contenttype", "pk": 16, "fields": {"app_label": "convocatorias", "model": "elegibilidad"}}, {"model": "sessions.session", "pk": "0q0mm1k9wesi63f0p3stg0psachz5ys7", "fields": {"session_data": ".eJxVjDEOAiEQRe9CbQgQhBlLe89AZmCUVQPJslsZ766bbKHtf-_9l0q0LjWtQ-Y0FXVSVh1-N6b8kLaBcqd26zr3tswT603ROx360os8z7v7d1Bp1G9NHhxHCx5YDDCxNeScD54ZARGyFIySbbBovCGJjuQa3dExBG8R1PsD1fc3Sw:1mSVtr:qhIdLU_Q9jjahmaGPkgRoP4jGay2MdxE7qyWjBHZ2ns", "expire_date": "2021-10-05T02:52:51.136Z"}}, {"model": "sessions.session", "pk": "38r0e3g0ors0vxcb2bc08ouo5v1cszrs", "fields": {"session_data": ".eJxVjDEOAiEQRe9CbQgQhBlLe89AZmCUVQPJslsZ766bbKHtf-_9l0q0LjWtQ-Y0FXVSVh1-N6b8kLaBcqd26zr3tswT603ROx360os8z7v7d1Bp1G9NHhxHCx5YDDCxNeScD54ZARGyFIySbbBovCGJjuQa3dExBG8R1PsD1fc3Sw:1mShLZ:t4f0fU7gNC1z1y0ShaRbM9WTqDegWQxQ9a2o1jKE1OQ", "expire_date": "2021-10-05T15:06:13.202Z"}}, {"model": "convocatorias.entidad", "pk": 1, "fields": {"nombreEntidad": "DAAD", "paginaWeb": "https://www.daad.co", "pais": "DE"}}, {"model": "convocatorias.entidad", "pk": 2, "fields": {"nombreEntidad": "Campus France", "paginaWeb": "https://www.campusfrance.org/en", "pais": "FR"}}, {"model": "convocatorias.entidad", "pk": 3, "fields": {"nombreEntidad": "Agência Brasileira de Cooperação", "paginaWeb": "http://www.abc.gov.br", "pais": "BR"}}, {"model": "convocatorias.entidad", "pk": 4, "fields": {"nombreEntidad": "UNESCO", "paginaWeb": "https://www.unesco.org/new/es/unesco/", "pais": "FR"}}, {"model": "convocatorias.entidad", "pk": 5, "fields": {"nombreEntidad": "ONU", "paginaWeb": "https://www.un.org/es/", "pais": "US"}}, {"model": "convocatorias.entidad", "pk": 6, "fields": {"nombreEntidad": "Fulbright", "paginaWeb": "https://us.fulbrightonline.org", "pais": "US"}}, {"model": "convocatorias.entidad", "pk": 7, "fields": {"nombreEntidad": "MinCiencias", "paginaWeb": "https://minciencias.gov.co/", "pais": "CO"}}, {"model": "convocatorias.icono", "pk": 1, "fields": {"tema": "Enseñanza", "iconoTematico": "pen-square", "colorIcono": "ffa500"}}, {"model": "convocatorias.icono", "pk": 2, "fields": {"tema": "Universidad", "iconoTematico": "university", "colorIcono": "cd0000"}}, {"model": "convocatorias.icono", "pk": 3, "fields": {"tema": "Industria", "iconoTematico": "cogs", "colorIcono": "ffe39f"}}, {"model": "convocatorias.icono", "pk": 4, "fields": {"tema": "Historia", "iconoTematico": "book", "colorIcono": "ffc100"}}, {"model": "convocatorias.icono", "pk": 5, "fields": {"tema": "Economía", "iconoTematico": "chart-bar", "colorIcono": "ffa500"}}, {"model": "convocatorias.icono", "pk": 6, "fields": {"tema": "Urbanismo", "iconoTematico": "cog", "colorIcono": "03083c"}}, {"model": "convocatorias.icono", "pk": 7, "fields": {"tema": "Comunicación", "iconoTematico": "comments", "colorIcono": "9062d4"}}, {"model": "convocatorias.icono", "pk": 8, "fields": {"tema": "Ingeniería", "iconoTematico": "chart-line", "colorIcono": "8b0000"}}, {"model": "convocatorias.areasocde", "pk": 1, "fields": {"area": "Ciencias Naturales"}}, {"model": "convocatorias.areasocde", "pk": 2, "fields": {"area": "Ingeniería y Tecnología"}}, {"model": "convocatorias.areasocde", "pk": 3, "fields": {"area": "Ciencias Médicas y de Salud"}}, {"model": "convocatorias.areasocde", "pk": 4, "fields": {"area": "Ciencias Agrícolas"}}, {"model": "convocatorias.areasocde", "pk": 5, "fields": {"area": "Ciencias Sociales"}}, {"model": "convocatorias.areasocde", "pk": 6, "fields": {"area": "Humanidades"}}, {"model": "convocatorias.areasocde", "pk": 7, "fields": {"area": "Multidisciplinarias"}}, {"model": "convocatorias.componente", "pk": 1, "fields": {"componente": "Investigación"}}, {"model": "convocatorias.componente", "pk": 2, "fields": {"componente": "Emprendimiento"}}, {"model": "convocatorias.componente", "pk": 3, "fields": {"componente": "Prototipado"}}, {"model": "convocatorias.componente", "pk": 4, "fields": {"componente": "Extensión Solidaria"}}, {"model": "convocatorias.componente", "pk": 5, "fields": {"componente": "Divulgación de Resultados"}}, {"model": "convocatorias.componente", "pk": 6, "fields": {"componente": "Creación Artística"}}, {"model": "convocatorias.componente", "pk": 7, "fields": {"componente": "Proyección Social o Proyectos con Impacto Social"}}, {"model": "convocatorias.componente", "pk": 8, "fields": {"componente": "Innovación"}}, {"model": "convocatorias.componente", "pk": 9, "fields": {"componente": "Laboratorios"}}, {"model": "convocatorias.componente", "pk": 10, "fields": {"componente": "Regalías"}}, {"model": "convocatorias.componente", "pk": 11, "fields": {"componente": "Premio"}}, {"model": "convocatorias.componente", "pk": 12, "fields": {"componente": "Movilidad/Estancia/Intercambio"}}, {"model": "convocatorias.componente", "pk": 13, "fields": {"componente": "Fortalecimiento Infraestructura Investigación"}}, {"model": "convocatorias.componente", "pk": 14, "fields": {"componente": "Consultoría Asesoría"}}, {"model": "convocatorias.componente", "pk": 15, "fields": {"componente": "Conceptos"}}, {"model": "convocatorias.componente", "pk": 16, "fields": {"componente": "Interventoría"}}, {"model": "convocatorias.componente", "pk": 17, "fields": {"componente": "Educación Continúa y Permanente"}}, {"model": "convocatorias.componente", "pk": 18, "fields": {"componente": "Servicios de Educación"}}, {"model": "convocatorias.componente", "pk": 19, "fields": {"componente": "Proyectos de Innovación y Gestión Tecnológica"}}, {"model": "convocatorias.elegibilidad", "pk": 1, "fields": {"grupo": "Grupos de Investigación"}}, {"model": "convocatorias.elegibilidad", "pk": 3, "fields": {"grupo": "Estudiantes Doctorado"}}, {"model": "convocatorias.elegibilidad", "pk": 4, "fields": {"grupo": "Investigadores Senior"}}, {"model": "convocatorias.elegibilidad", "pk": 5, "fields": {"grupo": "Alianzas Estratégicas"}}, {"model": "convocatorias.convocatoria", "pk": 1, "fields": {"entidadID": 1, "iconoID": 1, "tituloConvocatoria": "Programa de becas completas EPOS", "descripcion": "Este programa de becas completas, denominada en inglés por el DAAD Development-Related Postgraduate Courses (EPOS) y en alemán Entwicklungsbezogene Postgraduiertenstudiengänge (EPOS), ofrece a profesionales de países como Colombia, Perú, Ecuador y Venezuela, la posibilidad de realizar estudios de Maestría o Doctorado en universidades alemanas.\r\n\r\nEste programa está dirigido a personas con título universitario de Pregrado (para realizar una Maestría) o título de Maestría (para estudios doctorales), que tengan mínimo dos años de experiencia laboral en alguna de las siguientes áreas:\r\n\r\nCiencias Económicas, Administración de Negocios, Economía Política, Cooperación para el Desarrollo, Ingeniería y áreas relacionadas, Matemáticas, Planeación Urbana y Regional, Ciencias Agrarias y Forestales, Ciencias Naturales y Ambientales, Medicina y Salud Pública, Ciencias Sociales, Educación y Derecho, Ciencias de la Información.\r\n\r\nLa convocatoria para las becas EPOS publica una lista específica con programas académicos en diversas áreas del conocimiento, en universidades ya seleccionadas. ¡Este programa de becas únicamente aplica para los Posgrados (Maestrías y Doctorados) indicados por la convocatoria!", "fechaPublicacion": "2021-07-01", "fechaLimitePostulacion": "2021-12-31", "paginaWebAplicacion": "https://www.daad.co/es/becas/buscador-de-becas/?origin=54&status=3&type=a&q=EPOS&subjectgroup=&onlydaad=0&language=en&pg=1&detail_to_show=50076777&show_tab=applicationprocess", "imageRedes": "convocatorias_img_preview/internationale-studierende-liegen-lachend-auf-der-wiese_Copyri_9GtKhq3.jpg", "estadoConvocatoria": "publicada", "creacionConvocatoria": "creada", "vigencia": "vigente", "areasOCDE": [1, 7], "Componentes": [3, 6], "elegibilidad": [1, 5]}}, {"model": "convocatorias.convocatoria", "pk": 2, "fields": {"entidadID": 7, "iconoID": 3, "tituloConvocatoria": "Proyectos Empresas Innovadoras Beneficios Tributarios", "descripcion": "Estimular la inversión privada en Actividades de Ciencia, Tecnología e Innovación (ACTeI) mediante el registro y calificación de los proyectos de Investigación Científica, Desarrollo Tecnológico e Innovación y cuya inversión será realizada durante el año 2022 y vigencias fiscales futuras, y asignar los respectivos cupos para que las Empresas Altamente Innovadoras, reconocidas por MinCiencias, que realicen dichas inversiones, puedan acceder a un cupo de deducción en renta del 100% de la inversión", "fechaPublicacion": "2021-05-05", "fechaLimitePostulacion": "2021-11-11", "paginaWebAplicacion": "https://minciencias.gov.co/convocatorias/innovacion/convocatoria-para-el-registro-proyectos-empresas-altamente-innovadoras-que", "imageRedes": "convocatorias_img_preview/log-gob-ng.png", "estadoConvocatoria": "publicada", "creacionConvocatoria": "creada", "vigencia": "vigente", "areasOCDE": [2], "Componentes": [19], "elegibilidad": [4]}}, {"model": "convocatorias.convocatoria", "pk": 3, "fields": {"entidadID": 2, "iconoID": 2, "tituloConvocatoria": "El programa de becas de excelencia Eiffel", "descripcion": "El programa de becas Eiffel es una herramienta desarrollada por el Ministerio para Europa y de Asuntos Exteriores con el fin de permitir a las instituciones francesas de educación superior atraer a los mejores estudiantes extranjeros en formaciones que otorgan diplomas de nivel máster y doctorado.\r\n\r\n\r\nPermite capacitar a los futuros decisores extranjeros, de los sectores privado y público, en las áreas de estudios prioritarios, y también estimular las solicitudes de estudiantes de países emergentes y de máximo 25 años de edad para el nivel de máster, y de países emergentes e industrializados y de máximo 30 años de edad respecto al nivel de doctorado.", "fechaPublicacion": "2021-02-03", "fechaLimitePostulacion": "2021-09-30", "paginaWebAplicacion": "https://pe.ambafrance.org/Convocatoria-Becas-de-la-Embajada-de-Francia-Campus-France-2021", "imageRedes": "convocatorias_img_preview/logoEiffel.png", "estadoConvocatoria": "publicada", "creacionConvocatoria": "creada", "vigencia": "vigente", "areasOCDE": [3, 4, 6], "Componentes": [1, 5, 6], "elegibilidad": [3]}}, {"model": "convocatorias.convocatoria", "pk": 4, "fields": {"entidadID": 2, "iconoID": 8, "tituloConvocatoria": "Make Our Planet Great Again", "descripcion": "Make Our Planet Great Again est une initiative du Président de la République, Emmanuel Macron, lancée le 1er juin 2017 suite à la décision des Etats-Unis de sortir de l'Accord de Paris sur le climat. C'est un appel aux chercheurs et aux enseignants, aux entrepreneurs, aux associations et aux ONG, aux étudiants et à toute la société civile à se mobiliser et à rejoindre la France pour mener la lutte contre le réchauffement climatique.", "fechaPublicacion": "2021-07-07", "fechaLimitePostulacion": "2021-11-30", "paginaWebAplicacion": "https://www.campusfrance.org/es/node/300838", "imageRedes": "convocatorias_img_preview/MOPGA_0_boCQZRE.jpg", "estadoConvocatoria": "publicada", "creacionConvocatoria": "creada", "vigencia": "vigente", "areasOCDE": [1, 4], "Componentes": [8, 19], "elegibilidad": [5]}}, {"model": "convocatorias.convocatoria", "pk": 5, "fields": {"entidadID": 3, "iconoID": 6, "tituloConvocatoria": "Intercâmbio de conhecimentos implementação de tecnologias limpas", "descripcion": "Esse projeto visa a transferir para a Corporação Colombiana de Pesquisa Agropecuária (Corpoica) técnicas de isolamento, multiplicação e identificação de bactérias fixadoras de nitrogênio a partir de sistemas silvopastoris. Seus executores são, pelo lado brasileiro, a Empresa Brasileira de Pesquisa Agropecuária (Embrapa), e pelo lado colombiano, a (Corpoica).", "fechaPublicacion": "2021-05-21", "fechaLimitePostulacion": "2021-10-15", "paginaWebAplicacion": "http://www.abc.gov.br/Projetos/CooperacaoSulSul/Colombia", "imageRedes": "convocatorias_img_preview/mapaCoopBra.jpg", "estadoConvocatoria": "publicada", "creacionConvocatoria": "creada", "vigencia": "vigente", "areasOCDE": [1, 6], "Componentes": [14, 19], "elegibilidad": [1]}}, {"model": "convocatorias.convocatoria", "pk": 6, "fields": {"entidadID": 6, "iconoID": 1, "tituloConvocatoria": "Becas Fulbright para Posgrado en Estados Unidos de América", "descripcion": "La Comisión Fulbright Colombia lanza su primera convocatoria de este 2021 para buscar candidatos de todas las regiones del país. Esta convocatoria estará abierta hasta el 14 de mayo para que profesionales colombianos puedan postularse a las becas Fulbright en estudios de maestría y doctorado, para programas ofrecidos por universidades estadounidenses.\r\n\r\nAquellos candidatos seleccionados, destacados por su alto compromiso social con nuestro país, sobresalientes por ejercer liderazgos e impacto en sus comunidades y regiones, estudiantes de primera de generación, aquellos con trayectoria académica y profesional de excelencia y quienes provengan de diversas regiones de Colombia, iniciarán sus estudios a partir del segundo semestre de 2022.\r\n\r\n“A pesar de los retos que nos ha traído la pandemia, la Comisión Fulbright Colombia y sus aliados: Ministerio de Ciencia Tecnología e Innovación, Ministerio de Educación Nacional, USAID y Fundación Saldarriaga Concha, se mantienen firmes con las oportunidades de formación de alto nivel para los colombianos. Buscamos candidatos diversos en cuanto a sus lugares de origen, ingresos, etnicidad y grupos poblacionales. Queremos más candidatos que hayan sido los primeros de sus familias en ir a la universidad” Diana Basto Castro, Directora Ejecutiva de Fulbright Colombia.", "fechaPublicacion": "2021-04-01", "fechaLimitePostulacion": "2021-10-14", "paginaWebAplicacion": "https://www.fulbright.edu.co/becasposgrados2021/", "imageRedes": "convocatorias_img_preview/fulbrightBeca.png", "estadoConvocatoria": "publicada", "creacionConvocatoria": "creada", "vigencia": "vigente", "areasOCDE": [2, 7], "Componentes": [18], "elegibilidad": [3]}}, {"model": "convocatorias.convocatoria", "pk": 7, "fields": {"entidadID": 4, "iconoID": 2, "tituloConvocatoria": "Convocatoria de candidaturas para establecer un Grupo de Trabajo para el Decenio de las Lenguas Indígenas", "descripcion": "En preparación para el Decenio Internacional de las Lenguas Indígenas (2022-2032), la UNESCO ha emitido una convocatoria abierta para que se presenten candidaturas de los pueblos indígenas para que formen parte del Grupo de Trabajo Global llamado “Hacer una Década de Acción para las Lenguas Indígenas”. La convocatoria abierta y anexo proveen más información sobre el Grupo de Trabajo.", "fechaPublicacion": "2021-03-01", "fechaLimitePostulacion": "2022-03-05", "paginaWebAplicacion": "https://www.un.org/development/desa/indigenous-peoples-es/2020/10/28/convocatorialenguas/", "imageRedes": "convocatorias_img_preview/Canada_IPs-714x476.jpeg", "estadoConvocatoria": "publicada", "creacionConvocatoria": "creada", "vigencia": "vigente", "areasOCDE": [5, 6], "Componentes": [7], "elegibilidad": [1, 3]}}, {"model": "convocatorias.convocatoria", "pk": 8, "fields": {"entidadID": null, "iconoID": null, "tituloConvocatoria": "Nulla non dolor nec dui tempus lobortis sed nec massa", "descripcion": "Nulla non dolor nec dui tempus lobortis sed nec massaNulla non dolor nec dui tempus lobortis sed nec massaNulla non dolor nec dui tempus lobortis sed nec massaNulla non dolor nec dui tempus lobortis sed nec massaNulla non dolor nec dui tempus lobortis sed nec massaNulla non dolor nec dui tempus lobortis sed nec massaNulla non dolor nec dui tempus lobortis sed nec massaNulla non dolor nec dui tempus lobortis sed nec massaNulla non dolor nec dui tempus lobortis sed nec massaNulla non dolor nec dui tempus lobortis sed nec massaNulla non dolor nec dui tempus lobortis sed nec massaNulla non dolor nec dui tempus lobortis sed nec massa", "fechaPublicacion": null, "fechaLimitePostulacion": null, "paginaWebAplicacion": "https://google.com", "imageRedes": "", "estadoConvocatoria": "revision", "creacionConvocatoria": "creada", "vigencia": "vigente", "areasOCDE": [], "Componentes": [], "elegibilidad": []}}, {"model": "convocatorias.caracterizacion", "pk": 1, "fields": {"convocatoriaID": 1, "tipoFinanciacion": "Beca", "montoBeneficio": "30000", "descripcionBeneficio": "Cubrimiento Beca", "periodica": "si", "periodicidad": "anual", "ambito": "na", "areasConvocatoria": ""}}, {"model": "taggit.tag", "pk": 1, "fields": {"name": "Becas", "slug": "becas"}}, {"model": "taggit.tag", "pk": 2, "fields": {"name": "Maestría", "slug": "maestria"}}, {"model": "taggit.tag", "pk": 3, "fields": {"name": "Semilla", "slug": "semilla"}}, {"model": "taggit.tag", "pk": 4, "fields": {"name": "Capital", "slug": "capital"}}, {"model": "taggit.tag", "pk": 5, "fields": {"name": "Segunda", "slug": "segunda"}}, {"model": "taggit.tag", "pk": 6, "fields": {"name": "Lengua", "slug": "lengua"}}, {"model": "taggit.tag", "pk": 7, "fields": {"name": "Cambio", "slug": "cambio"}}, {"model": "taggit.tag", "pk": 8, "fields": {"name": "Climático", "slug": "climatico"}}, {"model": "taggit.tag", "pk": 9, "fields": {"name": "Limpias", "slug": "limpias"}}, {"model": "taggit.tag", "pk": 10, "fields": {"name": "Energías", "slug": "energias"}}, {"model": "taggit.tag", "pk": 11, "fields": {"name": "Doctorado", "slug": "doctorado"}}, {"model": "taggit.tag", "pk": 12, "fields": {"name": "Comunidades", "slug": "comunidades"}}, {"model": "taggit.taggeditem", "pk": 1, "fields": {"tag": 1, "content_type": 10, "object_id": 1}}, {"model": "taggit.taggeditem", "pk": 2, "fields": {"tag": 2, "content_type": 10, "object_id": 1}}, {"model": "taggit.taggeditem", "pk": 3, "fields": {"tag": 3, "content_type": 10, "object_id": 2}}, {"model": "taggit.taggeditem", "pk": 4, "fields": {"tag": 4, "content_type": 10, "object_id": 2}}, {"model": "taggit.taggeditem", "pk": 5, "fields": {"tag": 5, "content_type": 10, "object_id": 3}}, {"model": "taggit.taggeditem", "pk": 6, "fields": {"tag": 6, "content_type": 10, "object_id": 3}}, {"model": "taggit.taggeditem", "pk": 7, "fields": {"tag": 8, "content_type": 10, "object_id": 4}}, {"model": "taggit.taggeditem", "pk": 8, "fields": {"tag": 7, "content_type": 10, "object_id": 4}}, {"model": "taggit.taggeditem", "pk": 9, "fields": {"tag": 9, "content_type": 10, "object_id": 5}}, {"model": "taggit.taggeditem", "pk": 10, "fields": {"tag": 10, "content_type": 10, "object_id": 5}}, {"model": "taggit.taggeditem", "pk": 11, "fields": {"tag": 1, "content_type": 10, "object_id": 6}}, {"model": "taggit.taggeditem", "pk": 12, "fields": {"tag": 11, "content_type": 10, "object_id": 6}}, {"model": "taggit.taggeditem", "pk": 13, "fields": {"tag": 12, "content_type": 10, "object_id": 7}}]